MISSION_SEQ,INFL_CHANNEL_NICK,LINK,UPLOAD_DATE,END_DATE,FOLLOWER_CNT,follower_score,LIKE_CNT,REPLY_CNT,CONTENT_QLTY,HASHTAG_CMPLN,interaction,interaction_score,due,due_score,hashtag_score,quality_score,ttl_score,CLS
140,euddeume_,https://www.instagram.com/p/CBU8kisJT3-/,2020-06-12,2020-06-30,0,5,10305,72,40.0,20.0,10377,20,-18 days +00:00:00.000000000,1,10.0,20.0,55.0,B
140,yeonpilates,https://www.instagram.com/p/CBiB9hdgPE_/,2020-06-17,2020-06-30,0,5,1693,29,40.0,20.0,1722,15,-13 days +00:00:00.000000000,1,10.0,20.0,50.0,C
140,alyisia_gry,https://www.instagram.com/p/CBbuFNdluN8/?utm_source=ig_web_copy_link,2020-06-15,2020-06-30,0,5,3036,70,40.0,20.0,3106,20,-15 days +00:00:00.000000000,1,10.0,20.0,55.0,B
140,lee.um,https://www.instagram.com/p/CBnTl6-Dm8h/,2020-06-19,2020-06-30,0,5,2063,36,40.0,20.0,2099,15,-11 days +00:00:00.000000000,1,10.0,20.0,50.0,C
140,da_yommmi,https://www.instagram.com/p/CBf2p8GD5OZ/,2020-06-16,2020-06-30,0,5,2487,18,40.0,20.0,2505,20,-14 days +00:00:00.000000000,1,10.0,20.0,55.0,B
140,xhaenax,https://www.instagram.com/p/CBKs9Q9Jba7/,2020-06-08,2020-06-30,0,5,681,14,40.0,20.0,695,15,-22 days +00:00:00.000000000,1,10.0,20.0,50.0,C
140,foxy.is.me,https://www.instagram.com/p/CBc9S-IHN_X/,2020-06-15,2020-06-30,0,5,833,9,40.0,20.0,842,15,-15 days +00:00:00.000000000,1,10.0,20.0,50.0,C
140,kxxgsu,https://www.instagram.com/p/CBPanq1FEe-/,2020-06-10,2020-06-30,0,5,1136,20,20.0,20.0,1156,15,-20 days +00:00:00.000000000,1,10.0,10.0,40.0,C
140,somevely,https://www.instagram.com/p/CBXc7mMBici/,2020-06-13,2020-06-30,0,5,327,31,40.0,20.0,358,5,-17 days +00:00:00.000000000,1,10.0,20.0,40.0,C
140,j_able,https://www.instagram.com/p/CBKSJlWAdED/,2020-06-08,2020-06-30,0,5,427,24,40.0,20.0,451,5,-22 days +00:00:00.000000000,1,10.0,20.0,40.0,C
140,barbie_rachel_q.p,https://www.instagram.com/p/CBaDxXTHhNd/,2020-06-14,2020-06-30,0,5,4120,16,40.0,20.0,4136,20,-16 days +00:00:00.000000000,1,10.0,20.0,55.0,B
140,jjekkany,https://www.instagram.com/p/CBdDuWEgyiT/,2020-06-15,2020-06-30,0,5,540,20,40.0,10.0,560,10,-15 days +00:00:00.000000000,1,5.0,20.0,40.0,C
140,k._.ny,https://www.instagram.com/p/CBuLe-YgA0t/,2020-06-22,2020-06-30,0,5,532,14,30.0,20.0,546,10,-8 days +00:00:00.000000000,1,10.0,15.0,40.0,C
140,heetico_co,https://www.instagram.com/p/CBZ0x1KF2Iz/,2020-06-14,2020-06-30,0,5,636,3,40.0,20.0,639,10,-16 days +00:00:00.000000000,1,10.0,20.0,45.0,C
140,zizian_ber,https://www.instagram.com/p/CBerGRJDvcG/,2020-06-16,2020-06-30,0,5,495,20,40.0,20.0,515,10,-14 days +00:00:00.000000000,1,10.0,20.0,45.0,C
140,_sunheekimm,https://www.instagram.com/p/CBaZDoKHmAP/,2020-06-14,2020-06-30,0,5,450,7,40.0,20.0,457,5,-16 days +00:00:00.000000000,1,10.0,20.0,40.0,C
140,ryeon_chu,https://www.instagram.com/p/CBk_dmOHPvs/,2020-06-18,2020-06-30,0,5,431,13,40.0,20.0,444,5,-12 days +00:00:00.000000000,1,10.0,20.0,40.0,C
140,dj_siena,https://www.instagram.com/p/CBX7oSAFmUs/,2020-06-13,2020-06-30,0,5,12445,88,40.0,20.0,12533,20,-17 days +00:00:00.000000000,1,10.0,20.0,55.0,B
140,jooyeri,https://www.instagram.com/p/CBLVB-Ep1Iz/,2020-06-08,2020-06-30,0,5,516,21,40.0,20.0,537,10,-22 days +00:00:00.000000000,1,10.0,20.0,45.0,C
140,shinnashinna,https://www.instagram.com/p/CBP3Oyhn52p/,2020-06-10,2020-06-30,0,5,214,26,40.0,20.0,240,1,-20 days +00:00:00.000000000,1,10.0,20.0,36.0,C
140,lovely_cmj,https://www.instagram.com/p/CBfe5IADDlq/,2020-06-16,2020-06-30,0,5,244,15,40.0,20.0,259,1,-14 days +00:00:00.000000000,1,10.0,20.0,36.0,C
140,__c330,https://www.instagram.com/p/CBkJdeSpWJd/,2020-06-18,2020-06-30,0,5,235,13,40.0,20.0,248,1,-12 days +00:00:00.000000000,1,10.0,20.0,36.0,C
140,noooooooju,https://www.instagram.com/p/CBGDWSjFOpT/,2020-06-06,2020-06-30,0,5,153,3,40.0,20.0,156,1,-24 days +00:00:00.000000000,1,10.0,20.0,36.0,C
140,sangeunann,https://www.instagram.com/p/CBabTaRgxtS/,2020-06-14,2020-06-30,0,5,409,19,40.0,20.0,428,5,-16 days +00:00:00.000000000,1,10.0,20.0,40.0,C
142,zhangyiwen1991,https://www.instagram.com/p/CBnUxRkg403/,2020-06-19,2020-06-30,0,5,1221,31,20.0,20.0,1252,15,-11 days +00:00:00.000000000,1,10.0,10.0,40.0,C
142,yoon_hh,https://www.instagram.com/p/CBXPupyH_8O/,2020-06-13,2020-06-30,0,5,3675,13,40.0,20.0,3688,20,-17 days +00:00:00.000000000,1,10.0,20.0,55.0,B
142,godo.re,https://www.instagram.com/p/CBNXaezjNga/,2020-06-09,2020-06-30,0,5,992,54,30.0,20.0,1046,15,-21 days +00:00:00.000000000,1,10.0,15.0,45.0,C
142,rolemodel_ryu,https://www.instagram.com/p/CBaX2bLF8Gx/,2020-06-14,2020-06-30,0,5,4566,57,40.0,20.0,4623,20,-16 days +00:00:00.000000000,1,10.0,20.0,55.0,B
142,onlyonefreedom,https://www.instagram.com/p/CBau7brDv-R/,2020-06-14,2020-06-30,0,5,589,25,40.0,20.0,614,10,-16 days +00:00:00.000000000,1,10.0,20.0,45.0,C
142,realsei,https://www.instagram.com/p/CBh6JSLhpH1/,2020-06-17,2020-06-30,0,5,552,0,40.0,20.0,552,5,-13 days +00:00:00.000000000,1,10.0,20.0,40.0,C
142,5jhyun,https://www.instagram.com/p/CBcxpeolL3r/,2020-06-15,2020-06-30,0,5,177,4,40.0,20.0,181,1,-15 days +00:00:00.000000000,1,10.0,20.0,36.0,C
142,koo_jg,https://www.instagram.com/p/CBFMHm1nMYS/,2020-06-06,2020-06-30,0,5,195,0,40.0,20.0,195,5,-24 days +00:00:00.000000000,1,10.0,20.0,40.0,C
176,dayeon_diana,https://www.instagram.com/p/CDYy6bOA4yp/,2020-08-02,2020-09-30,140408,25,778,15,30.0,20.0,793,10,-59 days +00:00:00.000000000,1,10.0,15.0,60.0,B
176,96._.bo,https://www.instagram.com/p/CDQpgdAFf2j/,2020-07-30,2020-09-30,45431,15,340,26,40.0,20.0,366,5,-62 days +00:00:00.000000000,1,10.0,20.0,50.0,C
176,dldlsghk3124,https://www.instagram.com/p/CEIpvYiHIi5/,2020-08-21,2020-09-30,28362,10,1106,4,40.0,20.0,1110,15,-40 days +00:00:00.000000000,1,10.0,20.0,55.0,B
176,minsuu_,https://www.instagram.com/p/CDV-QeYj4kS/,2020-08-01,2020-09-30,77020,20,1289,18,40.0,20.0,1307,20,-60 days +00:00:00.000000000,1,10.0,20.0,70.0,B
177,ya.stacey,https://www.instagram.com/p/CDxhW5HnHOn/,2020-08-12,2020-09-04,246578,25,4802,39,40.0,20.0,4841,20,-23 days +00:00:00.000000000,1.0,10.0,20.0,75.0,B
177,gracement,https://www.instagram.com/p/CD58HsnpQlj/,2020-08-15,2020-09-04,218970,25,7450,44,40.0,20.0,7494,20,-20 days +00:00:00.000000000,1.0,10.0,20.0,75.0,B
177,kangsoyeon__,https://www.instagram.com/p/CDlOXJZpa-8/,2020-08-07,2020-09-04,68979,20,1801,43,40.0,20.0,1844,15,-28 days +00:00:00.000000000,1.0,10.0,20.0,65.0,B
177,alyisia_gry,https://www.instagram.com/p/CD9_SwyszcC/,2020-08-17,2020-09-04,269979,25,2847,62,40.0,20.0,2909,20,-18 days +00:00:00.000000000,1.0,10.0,20.0,75.0,B
177,koo_jg,https://www.instagram.com/p/CDoAxD5HjpC/,2020-08-08,2020-09-04,10125,10,290,0,40.0,20.0,290,5,-27 days +00:00:00.000000000,1.0,10.0,20.0,45.0,C
177,dpwls2da,https://www.instagram.com/p/CD2WPEYlw7-/,2020-08-14,2020-09-04,175365,25,2364,56,40.0,20.0,2420,15,-21 days +00:00:00.000000000,1.0,10.0,20.0,70.0,B
177,k._.ny,https://www.instagram.com/p/CD0lV2nAJix/,2020-08-13,2020-09-04,52096,20,1566,43,40.0,20.0,1609,15,-22 days +00:00:00.000000000,1.0,10.0,20.0,65.0,B
177,barbie_rachel_q.p,https://www.instagram.com/p/CEHOXL2HIJ_/,2020-08-20,2020-09-04,57041,20,7955,28,40.0,20.0,7983,20,-15 days +00:00:00.000000000,1.0,10.0,20.0,70.0,B
177,keemshy,https://www.instagram.com/p/CEvoiQ1hxFR/,2020-09-05,2020-09-04,60932,20,1224,7,40.0,20.0,1231,15,1 days 00:00:00.000000000,0.8,10.0,20.0,56.0,B
177,_sunheekimm,https://www.instagram.com/p/CDwH4SiHbRa/,2020-08-11,2020-09-04,14468,10,553,0,40.0,20.0,553,10,-24 days +00:00:00.000000000,1.0,10.0,20.0,50.0,C
177,ssu_ming,https://www.instagram.com/p/CD2rwKknb10/,2020-08-14,2020-09-04,9629,5,199,14,40.0,20.0,213,1,-21 days +00:00:00.000000000,1.0,10.0,20.0,36.0,C
177,godo.re,https://www.instagram.com/p/CEBkF8bD9cm/,2020-08-18,2020-09-04,14882,10,891,57,40.0,20.0,948,10,-17 days +00:00:00.000000000,1.0,10.0,20.0,50.0,C
177,djpeachade,https://www.instagram.com/p/CEZvS6PH9OU/,2020-08-28,2020-09-04,1708,5,91,4,20.0,20.0,95,1,-7 days +00:00:00.000000000,1.0,10.0,10.0,26.0,C
177,kimta_younq,https://www.instagram.com/p/CEBx3GTnOU3/,2020-08-18,2020-09-04,2694,5,221,11,10.0,20.0,232,5,-17 days +00:00:00.000000000,1.0,10.0,5.0,25.0,C
177,heetico_co,https://www.instagram.com/p/CDtDpg8lmJ9/,2020-08-10,2020-09-04,21119,10,754,24,40.0,20.0,778,10,-25 days +00:00:00.000000000,1.0,10.0,20.0,50.0,C
177,xhaenax,https://www.instagram.com/p/CEgKr3ZHMMU/,2020-08-30,2020-09-04,123608,25,1227,15,40.0,20.0,1242,15,-5 days +00:00:00.000000000,1.0,10.0,20.0,70.0,B
177,jjekkany,https://www.instagram.com/p/CDqlt5fgwjT/,2020-08-09,2020-09-04,39014,15,906,26,40.0,20.0,932,10,-26 days +00:00:00.000000000,1.0,10.0,20.0,55.0,B
177,noooooooju,https://www.instagram.com/p/CDqB4HNlbRB/,2020-08-09,2020-09-04,18874,10,204,3,40.0,20.0,207,1,-26 days +00:00:00.000000000,1.0,10.0,20.0,41.0,C
177,da_yommmi,https://www.instagram.com/p/CDkvTYeg-t-/,2020-08-07,2020-09-04,132449,25,2557,20,40.0,20.0,2577,15,-28 days +00:00:00.000000000,1.0,10.0,20.0,70.0,B
177,rolemodel_ryu,https://www.instagram.com/p/CDvmWRPluRG/,2020-08-11,2020-09-04,150599,25,5339,53,40.0,20.0,5392,20,-24 days +00:00:00.000000000,1.0,10.0,20.0,75.0,B
177,m.sik,https://www.instagram.com/p/CD23m-Wns4D/,2020-08-14,2020-09-04,23833,10,505,8,40.0,20.0,513,5,-21 days +00:00:00.000000000,1.0,10.0,20.0,45.0,C
177,yeonpilates,https://www.instagram.com/p/CDoC3lpAMhT/,2020-08-08,2020-09-04,253134,25,1438,31,40.0,20.0,1469,15,-27 days +00:00:00.000000000,1.0,10.0,20.0,70.0,B
177,somevely,https://www.instagram.com/p/CDyi1AvB7-c/,2020-08-12,2020-09-04,39484,15,386,35,40.0,20.0,421,5,-23 days +00:00:00.000000000,1.0,10.0,20.0,50.0,C
177,dj_siena,https://www.instagram.com/p/CDqKBSul4ZZ/,2020-08-09,2020-09-04,629646,35,9803,82,40.0,20.0,9885,20,-26 days +00:00:00.000000000,1.0,10.0,20.0,85.0,A
177,pongnim_c,https://www.instagram.com/p/CD_YpWPpA9D/,2020-08-17,2020-09-04,146753,25,1902,87,40.0,20.0,1989,15,-18 days +00:00:00.000000000,1.0,10.0,20.0,70.0,B
177,realsei,https://www.instagram.com/p/CDq8R61hpVj/,2020-08-09,2020-09-04,24753,10,556,0,40.0,20.0,556,10,-26 days +00:00:00.000000000,1.0,10.0,20.0,50.0,C
177,shinnashinna,https://www.instagram.com/p/CDqFP_In4x1/,2020-08-09,2020-09-04,3268,5,142,0,40.0,20.0,142,1,-26 days +00:00:00.000000000,1.0,10.0,20.0,36.0,C
177,shinsoo0825,https://www.instagram.com/p/CEGHHEABhjR/,2020-08-20,2020-09-04,12101,10,665,17,40.0,20.0,682,10,-15 days +00:00:00.000000000,1.0,10.0,20.0,50.0,C
177,euddeume_,https://www.instagram.com/p/CDjU8-fpYOj/,2020-08-06,2020-09-04,399264,30,5481,17,30.0,20.0,5498,20,-29 days +00:00:00.000000000,1.0,10.0,15.0,75.0,B
177,foxy.is.me,https://www.instagram.com/p/CEs3qJBnM8j/,2020-09-04,2020-09-04,74945,20,470,3,40.0,20.0,473,5,0 days 00:00:00.000000000,1.0,10.0,20.0,55.0,B
177,_dear_sum,https://www.instagram.com/p/CDi_6zrppYL/,2020-08-06,2020-09-04,3249,5,252,27,40.0,20.0,279,5,-29 days +00:00:00.000000000,1.0,10.0,20.0,40.0,C
177,__yhho,https://www.instagram.com/p/CD6Xn7FFZeP/,2020-08-15,2020-09-04,112890,25,8156,130,10.0,20.0,8286,20,-20 days +00:00:00.000000000,1.0,10.0,5.0,60.0,B
177,sangeunann,https://www.instagram.com/p/CDqYOIaAvkN/,2020-08-09,2020-09-04,29787,10,483,20,40.0,20.0,503,5,-26 days +00:00:00.000000000,1.0,10.0,20.0,45.0,C
177,5jhyun,https://www.instagram.com/p/CELpl8BFH6Y/,2020-08-22,2020-09-04,5777,5,201,0,40.0,20.0,201,1,-13 days +00:00:00.000000000,1.0,10.0,20.0,36.0,C
177,cheristyle_,https://www.instagram.com/p/CEqEykGAgw-/,2020-09-03,2020-09-04,198924,25,10603,119,20.0,10.0,10722,20,-1 days +00:00:00.000000000,1.0,5.0,10.0,60.0,B
177,yoon_hh,https://www.instagram.com/p/CD23hXsJ6Bz/,2020-08-14,2020-09-04,235233,25,5405,28,40.0,20.0,5433,20,-21 days +00:00:00.000000000,1.0,10.0,20.0,75.0,B
177,lee_jaedoo,https://www.instagram.com/p/CD0k5lipzvW/,2020-08-13,2020-09-04,3759,5,253,22,30.0,20.0,275,5,-22 days +00:00:00.000000000,1.0,10.0,15.0,35.0,C
177,onlyonefreedom,https://www.instagram.com/p/CEMIEAhDCyA/,2020-08-22,2020-09-04,50081,20,535,39,40.0,20.0,574,10,-13 days +00:00:00.000000000,1.0,10.0,20.0,60.0,B
177,rockchaeeun,https://www.instagram.com/p/CDvvHGWJki3/,2020-08-11,2020-09-04,200833,25,1389,31,40.0,20.0,1420,15,-24 days +00:00:00.000000000,1.0,10.0,20.0,70.0,B
177,jl_yoojin,https://www.instagram.com/p/CDjBqj4jeKZ/,2020-08-06,2020-09-04,114703,25,1043,25,40.0,20.0,1068,10,-29 days +00:00:00.000000000,1.0,10.0,20.0,65.0,B
177,jooyeri,https://www.instagram.com/p/CD03hU-pDv6/,2020-08-13,2020-09-04,8441,5,598,26,40.0,20.0,624,10,-22 days +00:00:00.000000000,1.0,10.0,20.0,45.0,C
177,zizian_ber,https://www.instagram.com/p/CD0nO4qAM0x/,2020-08-13,2020-09-04,15101,10,510,18,40.0,20.0,528,5,-22 days +00:00:00.000000000,1.0,10.0,20.0,45.0,C
177,lovely_cmj,https://www.instagram.com/p/CDnbUZtjqLq/,2020-08-08,2020-09-04,34961,15,189,21,40.0,20.0,210,1,-27 days +00:00:00.000000000,1.0,10.0,20.0,46.0,C
177,2seu1,https://www.instagram.com/p/CDom-A9A-IF/,2020-08-09,2020-09-04,28514,10,179,9,40.0,20.0,188,1,-26 days +00:00:00.000000000,1.0,10.0,20.0,41.0,C
177,sor.andipity_,https://www.instagram.com/p/CDrF1IKM5FA/,2020-08-10,2020-09-04,3285,5,221,20,30.0,20.0,241,5,-25 days +00:00:00.000000000,1.0,10.0,15.0,35.0,C
177,hajeewon_,https://www.instagram.com/p/CEGxoAeDaeg/,2020-08-20,2020-09-04,610,5,162,13,40.0,20.0,175,1,-15 days +00:00:00.000000000,1.0,10.0,20.0,36.0,C
177,redlic_haeun95,https://www.instagram.com/p/CDhYSc2pU86/,2020-08-06,2020-09-04,85733,20,2570,13,40.0,20.0,2583,15,-29 days +00:00:00.000000000,1.0,10.0,20.0,65.0,B
177,h_hyunh_,https://www.instagram.com/p/CDxPKFeDPiG/,2020-08-12,2020-09-04,8716,5,220,10,40.0,20.0,230,1,-23 days +00:00:00.000000000,1.0,10.0,20.0,36.0,C
177,zhangyiwen1991,https://www.instagram.com/p/CD0_Dt0g0CU/,2020-08-13,2020-09-04,13326,10,1072,7,40.0,20.0,1079,10,-22 days +00:00:00.000000000,1.0,10.0,20.0,50.0,C
182,cheristyle_,https://www.instagram.com/p/CEqEykGAgw-/,2020-09-03,2020-09-07,199885,25,10719,119,40.0,10.0,10838,20,-4 days +00:00:00.000000000,1,5.0,20.0,70.0,B
182,bad__yoyo,https://www.instagram.com/p/CDirVwqjot6/,2020-08-06,2020-09-07,32131,15,1201,17,40.0,20.0,1218,10,-32 days +00:00:00.000000000,1,10.0,20.0,55.0,B
182,dj_siena,https://www.instagram.com/p/CDyYlInFr3Q/,2020-08-12,2020-09-07,629646,35,12768,89,10.0,20.0,12857,20,-26 days +00:00:00.000000000,1,10.0,5.0,70.0,B
182,zizian_ber,https://www.instagram.com/p/CEYgS1JAZMJ/,2020-08-27,2020-09-07,15083,10,602,56,40.0,20.0,658,1,-11 days +00:00:00.000000000,1,10.0,20.0,41.0,C
182,rockchaeeun,https://www.instagram.com/p/CDvvHGWJki3/,2020-08-11,2020-09-07,200833,25,1390,31,30.0,20.0,1421,15,-27 days +00:00:00.000000000,1,10.0,15.0,65.0,B
182,j_able,https://www.instagram.com/p/CDvgYh8g5FP/,2020-08-11,2020-09-07,46782,15,469,50,40.0,20.0,519,1,-27 days +00:00:00.000000000,1,10.0,20.0,46.0,C
182,una_jung,https://www.instagram.com/p/CDqOUa2g1l3/,2020-08-09,2020-09-07,79786,20,1188,44,40.0,20.0,1232,10,-29 days +00:00:00.000000000,1,10.0,20.0,60.0,B
182,rihey__,https://www.instagram.com/p/CDlCoR5lmJa/,2020-08-07,2020-09-07,38782,15,1038,4,40.0,20.0,1042,5,-31 days +00:00:00.000000000,1,10.0,20.0,50.0,C
182,ya.stacey,https://www.instagram.com/p/CELc0JiHGzt/,2020-08-22,2020-09-07,246578,25,3138,31,40.0,,3169,20,-16 days +00:00:00.000000000,1,,20.0,,D
182,redlic_haeun95,https://www.instagram.com/p/CDrOtY7prI1/,2020-08-10,2020-09-07,85733,20,2601,9,40.0,20.0,2610,15,-28 days +00:00:00.000000000,1,10.0,20.0,65.0,B
182,yells_x,https://www.instagram.com/p/CDnzkN_H2c1/,2020-08-08,2020-09-07,14365,10,804,0,40.0,20.0,804,5,-30 days +00:00:00.000000000,1,10.0,20.0,45.0,C
183,96._.bo,https://www.instagram.com/p/CDnz3J2ljqc/,2020-08-08,2020-09-07,45530,15,417,21,40.0,20.0,438,5,-30 days +00:00:00.000000000,1,10.0,20.0,50.0,C
183,euneeew,https://www.instagram.com/p/CDyW6JkB6n5/,2020-08-12,2020-09-07,142930,25,4380,26,40.0,20.0,4406,20,-26 days +00:00:00.000000000,1,10.0,20.0,75.0,B
183,chul2gram,https://www.instagram.com/p/CDqtYySgNr6/,2020-08-09,2020-09-07,94507,20,939,25,40.0,20.0,964,15,-29 days +00:00:00.000000000,1,10.0,20.0,65.0,B
183,koo_jg,https://www.instagram.com/p/CDqFFpcn4Wq/,2020-08-09,2020-09-07,10125,10,277,3,40.0,20.0,280,5,-29 days +00:00:00.000000000,1,10.0,20.0,45.0,C
183,godo.re,https://www.instagram.com/p/CD-p9PWDdrn/,2020-08-17,2020-09-07,14882,10,790,37,40.0,20.0,827,10,-21 days +00:00:00.000000000,1,10.0,20.0,50.0,C
183,__yhho,https://www.instagram.com/p/CD6Xn7FFZeP/,2020-08-15,2020-09-07,112890,25,8167,130,40.0,20.0,8297,20,-23 days +00:00:00.000000000,1,10.0,20.0,75.0,B
183,5jhyun,https://www.instagram.com/p/CD3DyeaFmS6/,2020-08-14,2020-09-07,5777,5,229,9,40.0,20.0,238,1,-24 days +00:00:00.000000000,1,10.0,20.0,36.0,C
183,rolemodel_ryu,https://www.instagram.com/p/CD3nF-hFCbC/,2020-08-14,2020-09-07,150599,25,2821,20,20.0,20.0,2841,15,-24 days +00:00:00.000000000,1,10.0,10.0,60.0,B
191,dpwls2da,https://www.instagram.com/p/CFLl6GuFI-r/?utm_source=ig_web_copy_link,2020-09-09,2020-09-07,179607,25,414,14,40.0,20.0,428,5,2 days 00:00:00.000000000,0.8,10.0,20.0,52.0,B
191,pongnim_c,https://www.instagram.com/p/CD_YpWPpA9D/,2020-08-17,2020-09-07,146753,25,1893,87,40.0,20.0,1980,15,-21 days +00:00:00.000000000,1.0,10.0,20.0,70.0,B
191,onlyonefreedom,https://www.instagram.com/p/CEEpESeD53S/,2020-08-19,2020-09-07,50081,20,699,43,40.0,20.0,742,10,-19 days +00:00:00.000000000,1.0,10.0,20.0,60.0,B
191,lunaticdus_,https://www.instagram.com/p/CEzKnFIHLPz/,2020-09-07,2020-09-07,37128,15,3663,24,40.0,10.0,3687,20,0 days 00:00:00.000000000,1.0,5.0,20.0,60.0,B
191,o.roraa,https://www.instagram.com/p/CEOMXFlAk7t/,2020-08-23,2020-09-07,353626,30,998,14,40.0,20.0,1012,10,-15 days +00:00:00.000000000,1.0,10.0,20.0,70.0,B
191,iamsezero,https://www.instagram.com/p/CELA5wtJ_Rx/,2020-08-22,2020-09-07,302868,30,4087,25,40.0,20.0,4112,20,-16 days +00:00:00.000000000,1.0,10.0,20.0,80.0,B
191,ohmyseon,https://www.instagram.com/p/CEPTa0Ijayy/,2020-08-24,2020-09-07,119855,25,2013,17,10.0,20.0,2030,15,-14 days +00:00:00.000000000,1.0,10.0,5.0,55.0,B
191,a________n.k,https://www.instagram.com/p/CEDn4VMnQJv/,2020-08-19,2020-09-07,73303,20,2003,42,30.0,20.0,2045,20,-19 days +00:00:00.000000000,1.0,10.0,15.0,65.0,B
191,chayoo_jin,https://www.instagram.com/p/CD3ioX7Hyod/,2020-08-14,2020-09-07,49288,15,1135,13,40.0,20.0,1148,15,-24 days +00:00:00.000000000,1.0,10.0,20.0,60.0,B
191,sujiarchive,https://www.instagram.com/p/CECAwJyD8ve/,2020-08-18,2020-09-07,12881,10,331,9,30.0,20.0,340,5,-20 days +00:00:00.000000000,1.0,10.0,15.0,40.0,C
191,moonyung2,https://www.instagram.com/p/CEOEJEAp0wS/,2020-08-23,2020-09-07,26708,10,272,17,20.0,20.0,289,1,-15 days +00:00:00.000000000,1.0,10.0,10.0,31.0,C
191,a_zi.zi,https://www.instagram.com/p/CD8aCzHlHP7/,2020-08-16,2020-09-07,18955,10,233,7,30.0,20.0,240,1,-22 days +00:00:00.000000000,1.0,10.0,15.0,36.0,C
191,2_elin,https://www.instagram.com/p/CDjgzPdhpZX/,2020-08-07,2020-09-07,29550,10,414,75,40.0,10.0,489,5,-31 days +00:00:00.000000000,1.0,5.0,20.0,40.0,C
191,dawn.y_,https://www.instagram.com/p/CEWFV5DHnag/,2020-08-26,2020-09-07,24643,10,812,0,30.0,20.0,812,10,-12 days +00:00:00.000000000,1.0,10.0,15.0,45.0,C
191,simsvely,https://www.instagram.com/p/CEbo-3_MXt1/,2020-08-28,2020-09-07,32180,15,269,21,30.0,20.0,290,1,-10 days +00:00:00.000000000,1.0,10.0,15.0,41.0,C
191,ehcl15,https://www.instagram.com/p/CE37HyanJq4/,2020-09-08,2020-09-07,232418,25,3520,43,10.0,10.0,3563,20,1 days 00:00:00.000000000,0.8,5.0,5.0,45.0,C
196,suyeon__sky,https://www.instagram.com/p/CEoanQvl4pc/,2020-09-02,2020-09-07,21335,10,1054,28,40.0,20.0,1082,1,-5 days +00:00:00.000000000,1,10.0,20.0,41.0,C
196,_su_s2,https://www.instagram.com/p/CEQbx-Dlcbi/,2020-08-24,2020-09-07,57377,20,1114,29,40.0,20.0,1143,5,-14 days +00:00:00.000000000,1,10.0,20.0,55.0,B
196,syung.kim_,https://www.instagram.com/p/CEjEdtDnMyT/,2020-08-31,2020-09-07,272562,25,6451,77,30.0,20.0,6528,20,-7 days +00:00:00.000000000,1,10.0,15.0,70.0,B
196,lee.um,https://www.instagram.com/p/CEgPD9HD55g/,2020-08-30,2020-09-07,215578,25,2274,27,40.0,20.0,2301,15,-8 days +00:00:00.000000000,1,10.0,20.0,70.0,B
196,dpwls2da,https://www.instagram.com/p/CET73D9FJd4/,2020-08-25,2020-09-07,175303,25,1931,31,40.0,20.0,1962,10,-13 days +00:00:00.000000000,1,10.0,20.0,65.0,B
199,96._.bo,https://www.instagram.com/p/CE5wP8FlmqK/,2020-09-09,2020-09-22,45042,15,436,22,40.0,20.0,458,5,-13 days +00:00:00.000000000,1,10.0,20.0,50.0,C
199,eun_doitz,https://www.instagram.com/p/CEwAJwIhh2e/,2020-09-05,2020-09-22,353711,30,7667,45,20.0,20.0,7712,20,-17 days +00:00:00.000000000,1,10.0,10.0,70.0,B
199,chul2gram,https://www.instagram.com/p/CEOUIz_As6r/,2020-08-23,2020-09-22,94343,20,1067,62,40.0,20.0,1129,15,-30 days +00:00:00.000000000,1,10.0,20.0,65.0,B
199,koo_jg,https://www.instagram.com/p/CEaob8xnD_K/,2020-08-28,2020-09-22,10101,10,224,0,40.0,20.0,224,1,-25 days +00:00:00.000000000,1,10.0,20.0,41.0,C
199,onlyonefreedom,https://www.instagram.com/p/CEUBvZ4D3ER/,2020-08-25,2020-09-22,50071,20,469,29,40.0,20.0,498,10,-28 days +00:00:00.000000000,1,10.0,20.0,60.0,B
199,rolemodel_ryu,https://www.instagram.com/p/CE3CLSdFiEh/,2020-09-08,2020-09-22,151314,25,2779,26,40.0,20.0,2805,20,-14 days +00:00:00.000000000,1,10.0,20.0,75.0,B
199,_perfect_jay_,https://www.instagram.com/p/CERa7-PF_Hw/,2020-08-24,2020-09-22,54653,20,799,64,40.0,20.0,863,10,-29 days +00:00:00.000000000,1,10.0,20.0,60.0,B
199,__kazama_,https://www.instagram.com/p/CEiYawFj1Q1/,2020-08-31,2020-09-22,12896,10,1106,8,40.0,20.0,1114,15,-22 days +00:00:00.000000000,1,10.0,20.0,55.0,B
199,hyuk222,https://www.instagram.com/p/CEV6W4GjVcU/,2020-08-26,2020-09-22,24961,10,278,16,40.0,20.0,294,1,-27 days +00:00:00.000000000,1,10.0,20.0,41.0,C
199,zzoon.e,https://www.instagram.com/p/CEedq6vj1rJ/,2020-08-29,2020-09-22,27823,10,445,14,40.0,20.0,459,5,-24 days +00:00:00.000000000,1,10.0,20.0,45.0,C
199,mingso0,https://www.instagram.com/p/CEaxcdQjfTL/,2020-08-28,2020-09-22,45999,15,1106,31,40.0,20.0,1137,20,-25 days +00:00:00.000000000,1,10.0,20.0,65.0,B
199,hit_taek,https://www.instagram.com/p/CEinX1spNXA/,2020-08-31,2020-09-22,62355,20,1062,6,40.0,20.0,1068,10,-22 days +00:00:00.000000000,1,10.0,20.0,60.0,B
200,__yhho,https://www.instagram.com/p/CEjkEfsFVRh/,2020-09-04,2020-10-06,118774,25,8408,105,40.0,,8513,20,-32 days +00:00:00.000000000,1,,20.0,,D
200,_b_o_eun,https://www.instagram.com/p/CEN92I3HxBU/,2020-08-23,2020-10-06,1214,5,143,4,40.0,20.0,147,1,-44 days +00:00:00.000000000,1,10.0,20.0,36.0,C
200,_ssunghho,https://www.instagram.com/p/CEgv7NBDJrB/,2020-08-30,2020-10-06,11082,10,648,100,40.0,20.0,748,20,-37 days +00:00:00.000000000,1,10.0,20.0,60.0,B
200,nasajji.hi,https://www.instagram.com/p/CEOy67zlBZB/,2020-08-23,2020-10-06,8429,5,272,75,40.0,20.0,347,5,-44 days +00:00:00.000000000,1,10.0,20.0,40.0,C
200,hello_whyy,https://www.instagram.com/p/CEVuM-QD22L/,2020-08-26,2020-10-06,74668,20,677,5,40.0,20.0,682,15,-41 days +00:00:00.000000000,1,10.0,20.0,65.0,B
200,bb_stg,https://www.instagram.com/p/CEQVVO-jXqU/?utm_source=ig_web_copy_link,2020-09-23,2020-10-06,10409,10,600,15,30.0,20.0,615,10,-13 days +00:00:00.000000000,1,10.0,15.0,45.0,C
212,alyisia_gry,https://www.instagram.com/p/CEiGOHvsbhs/,2020-08-31,2020-09-21,273210,25,4371,99,40.0,20.0,4470,20,-21 days +00:00:00.000000000,1,10.0,20.0,75.0,B
212,koo_jg,https://www.instagram.com/p/CEquhEFH3F8/,2020-09-03,2020-09-21,10095,10,286,4,40.0,20.0,290,10,-18 days +00:00:00.000000000,1,10.0,20.0,50.0,C
212,barbie_rachel_q.p,https://www.instagram.com/p/CFNUYftHA7U/,2020-09-17,2020-09-21,67193,20,7471,23,10.0,20.0,7494,20,-4 days +00:00:00.000000000,1,10.0,5.0,55.0,B
212,_sunheekimm,https://www.instagram.com/p/CEtWbfEn-ur/,2020-09-04,2020-09-21,14468,10,418,13,40.0,20.0,431,10,-17 days +00:00:00.000000000,1,10.0,20.0,50.0,C
212,ssu_ming,https://www.instagram.com/p/CEwAMB0HFE2/,2020-09-05,2020-09-21,9629,5,207,11,40.0,20.0,218,5,-16 days +00:00:00.000000000,1,10.0,20.0,40.0,C
212,godo.re,https://www.instagram.com/p/CEqf3SEjDIR/,2020-09-03,2020-09-21,14606,10,820,35,40.0,20.0,855,15,-18 days +00:00:00.000000000,1,10.0,20.0,55.0,B
212,xhaenax,https://www.instagram.com/p/CEgKr3ZHMMU/,2020-08-30,2020-09-21,125416,25,1256,15,30.0,20.0,1271,15,-22 days +00:00:00.000000000,1,10.0,15.0,65.0,B
212,rolemodel_ryu,https://www.instagram.com/p/CEtWj4plhZN/,2020-09-04,2020-09-21,151134,25,2671,45,40.0,20.0,2716,15,-17 days +00:00:00.000000000,1,10.0,20.0,70.0,B
212,somevely,https://www.instagram.com/p/CEyeVM4BsTS/,2020-09-06,2020-09-21,39239,15,176,13,30.0,20.0,189,1,-15 days +00:00:00.000000000,1,10.0,15.0,41.0,C
212,dj_siena,https://www.instagram.com/p/CEvdiQVFcpe/,2020-09-05,2020-09-21,637369,35,9142,73,40.0,20.0,9215,20,-16 days +00:00:00.000000000,1,10.0,20.0,85.0,A
212,pongnim_c,https://www.instagram.com/p/CE_vcZUAghp/,2020-09-11,2020-09-21,146703,25,1683,49,40.0,20.0,1732,15,-10 days +00:00:00.000000000,1,10.0,20.0,70.0,B
212,jyong2,https://www.instagram.com/p/CEjGww6B-ma/,2020-08-31,2020-09-21,48066,15,527,18,30.0,20.0,545,10,-21 days +00:00:00.000000000,1,10.0,15.0,50.0,C
212,sjiwoo_o,https://www.instagram.com/p/CFCUHkDDwNK/,2020-09-12,2020-09-21,1821,5,147,0,40.0,20.0,147,1,-9 days +00:00:00.000000000,1,10.0,20.0,36.0,C
212,shinnashinna,https://www.instagram.com/p/CEwDufMHNJM/,2020-09-05,2020-09-21,3279,5,183,9,40.0,20.0,192,1,-16 days +00:00:00.000000000,1,10.0,20.0,36.0,C
212,shinsoo0825,https://www.instagram.com/p/CFCCfQohyIn/,2020-09-12,2020-09-21,12075,10,268,4,30.0,20.0,272,5,-9 days +00:00:00.000000000,1,10.0,15.0,40.0,C
212,euddeume_,https://www.instagram.com/p/CFJt1-jFL4o/,2020-09-15,2020-09-21,404200,30,7802,37,40.0,20.0,7839,20,-6 days +00:00:00.000000000,1,10.0,20.0,80.0,B
212,foxy.is.me,https://www.instagram.com/p/CEs3qJBnM8j/?utm_source=ig_web_copy_link,2020-09-15,2020-09-21,74945,20,579,0,40.0,20.0,579,10,-6 days +00:00:00.000000000,1,10.0,20.0,60.0,B
212,__yhho,https://www.instagram.com/p/CE4L9TVlbp6/,2020-09-08,2020-09-21,123135,25,3839,75,10.0,20.0,3914,20,-13 days +00:00:00.000000000,1,10.0,5.0,60.0,B
212,sangeunann,https://www.instagram.com/p/CFML-7NAHSX/,2020-09-16,2020-09-21,30090,15,488,24,30.0,20.0,512,10,-5 days +00:00:00.000000000,1,10.0,15.0,50.0,C
212,5jhyun,https://www.instagram.com/p/CEq0knFlc69/,2020-09-03,2020-09-21,5761,5,262,8,40.0,20.0,270,5,-18 days +00:00:00.000000000,1,10.0,20.0,40.0,C
212,yoon_hh,https://www.instagram.com/p/CEeINorHHQv/,2020-08-29,2020-09-21,235207,25,2867,10,40.0,20.0,2877,15,-23 days +00:00:00.000000000,1,10.0,20.0,70.0,B
212,lee_jaedoo,https://www.instagram.com/p/CEwK2F4pOQy/,2020-09-05,2020-09-21,3767,5,191,24,40.0,20.0,215,5,-16 days +00:00:00.000000000,1,10.0,20.0,40.0,C
212,onlyonefreedom,https://www.instagram.com/p/CE9GxT2DpAX/,2020-09-10,2020-09-21,50053,20,676,34,40.0,20.0,710,15,-11 days +00:00:00.000000000,1,10.0,20.0,65.0,B
212,rockchaeeun,https://www.instagram.com/p/CFopkoapKe6/?utm_source=ig_web_copy_link,2020-09-15,2020-09-21,201065,25,1637,30,40.0,10.0,1667,15,-6 days +00:00:00.000000000,1,5.0,20.0,65.0,B
212,yuna_1_27,https://www.instagram.com/p/CElblBInd43/,2020-09-01,2020-09-21,121495,25,24286,108,40.0,20.0,24394,20,-20 days +00:00:00.000000000,1,10.0,20.0,75.0,B
212,jl_yoojin,https://www.instagram.com/p/CEn9UvPjEjS/,2020-09-02,2020-09-21,114398,25,680,3,40.0,20.0,683,10,-19 days +00:00:00.000000000,1,10.0,20.0,65.0,B
212,meun_miu,https://www.instagram.com/p/CE9Qt6_DUKF/,2020-09-10,2020-09-21,2238,5,153,25,40.0,10.0,178,1,-11 days +00:00:00.000000000,1,5.0,20.0,31.0,C
212,been_0.0_,https://www.instagram.com/p/CErLfmXAGvY/,2020-09-03,2020-09-21,3843,5,280,27,40.0,20.0,307,10,-18 days +00:00:00.000000000,1,10.0,20.0,45.0,C
212,zizian_ber,https://www.instagram.com/p/CE-0pI8li2r/,2020-09-11,2020-09-21,16922,10,452,12,10.0,,464,10,-10 days +00:00:00.000000000,1,,5.0,,D
212,lovely_cmj,https://www.instagram.com/p/CFGatVvj8Rg/,2020-09-14,2020-09-21,34938,15,191,8,40.0,20.0,199,1,-7 days +00:00:00.000000000,1,10.0,20.0,46.0,C
212,2seu1,https://www.instagram.com/p/CE3qYGygf_E/,2020-09-08,2020-09-21,28440,10,152,8,30.0,20.0,160,1,-13 days +00:00:00.000000000,1,10.0,15.0,36.0,C
212,__c330,https://www.instagram.com/p/CE1xuOkFNBw/,2020-09-08,2020-09-21,7309,5,230,12,40.0,20.0,242,5,-13 days +00:00:00.000000000,1,10.0,20.0,40.0,C
212,sor.andipity_,https://www.instagram.com/p/CFARJ1pMtit/,2020-09-12,2020-09-21,3271,5,192,15,40.0,20.0,207,5,-9 days +00:00:00.000000000,1,10.0,20.0,40.0,C
212,hajeewon_,https://www.instagram.com/p/CE1HNDiDnds/,2020-09-07,2020-09-21,617,5,159,8,40.0,20.0,167,1,-14 days +00:00:00.000000000,1,10.0,20.0,36.0,C
212,redlic_haeun95,https://www.instagram.com/p/CEiq8dvJeLI/,2020-08-31,2020-09-21,86663,20,3092,19,40.0,20.0,3111,20,-21 days +00:00:00.000000000,1,10.0,20.0,70.0,B
212,h_hyunh_,https://www.instagram.com/p/CE4Zt6Pl5eN/,2020-09-09,2020-09-21,8824,5,236,11,40.0,20.0,247,5,-12 days +00:00:00.000000000,1,10.0,20.0,40.0,C
212,ya.stacey,https://www.instagram.com/p/CFJy60XHN_D/,2020-09-15,2020-09-21,245074,25,3405,27,40.0,20.0,3432,20,-6 days +00:00:00.000000000,1,10.0,20.0,75.0,B
